Street,City,Province,Country,Latitude,Longitude,"Accuracy Score","Accuracy Type",Number,Street,"Unit Type","Unit Number",City,State,County,Zip,Country,Source
"Fort York  Blvd / Capreol Ct",Toronto,ON,Canada,43.6404,-79.3995,0.23,place,,,,,Toronto,ON,,M5V,CA,"CanVec+ by Natural Resources Canada"
"Lower Jarvis St / The Esplanade",Toronto,ON,Canada,43.64822,-79.370922,1,intersection,,"Lower Jarvis St",,,Toronto,ON,,M5E,CA,"CanVec+ by Natural Resources Canada"
"St. George St / Bloor St W",Toronto,ON,Canada,43.66751,-79.399821,1,intersection,,"Bloor St W",,,Toronto,ON,,M5R,CA,"CanVec+ by Natural Resources Canada"
"Madison Ave / Bloor St W",Toronto,ON,Canada,43.6861,-79.4025,0.23,place,,,,,Toronto,ON,,M4V,CA,"CanVec+ by Natural Resources Canada"
"University Ave / Elm St",Toronto,ON,Canada,43.656322,-79.389114,1,intersection,,"University Ave",,,Toronto,ON,,M5G,CA,"CanVec+ by Natural Resources Canada"
"King St W / York St",Toronto,ON,Canada,43.647914,-79.383565,1,intersection,,"King St W",,,Toronto,ON,,M5H,CA,"CanVec+ by Natural Resources Canada"
"Bay St / College St (East Side)",Toronto,ON,Canada,43.660809,-79.385849,1,intersection,,"Bay St",,,Toronto,ON,,M5S,CA,"CanVec+ by Natural Resources Canada"
"College St / Huron St",Toronto,ON,Canada,0,0,0,,,,,,,,,,,
"Wellesley St / Queen's Park Cres",Toronto,ON,Canada,43.663611,-79.390628,0.8,intersection,,"Wellesley St W",,,Toronto,ON,,M5S,CA,"CanVec+ by Natural Resources Canada"
"King St E / Jarvis St",Toronto,ON,Canada,43.650458,-79.371903,1,intersection,,"Jarvis St",,,Toronto,ON,,M5C,CA,"CanVec+ by Natural Resources Canada"
"King St W / Spadina Ave",Toronto,ON,Canada,43.645446,-79.39515,1,intersection,,"Spadina Ave",,,Toronto,ON,,M5V,CA,"CanVec+ by Natural Resources Canada"
"Wellington St W / Portland St",Toronto,ON,Canada,43.643177,-79.399538,1,intersection,,"Wellington St W",,,Toronto,ON,,M5V,CA,"CanVec+ by Natural Resources Canada"
"Elizabeth St / Edward St (Bus Terminal)",Toronto,ON,Canada,43.656126,-79.385515,1,intersection,,"Elizabeth St",,,Toronto,ON,,M5G,CA,"CanVec+ by Natural Resources Canada"
"Scott St / The Esplanade",Toronto,ON,Canada,43.646355,-79.375275,0.94,intersection,,"The Esplanade",,,Toronto,ON,,M5E,CA,"CanVec+ by Natural Resources Canada"
"Sherbourne St / Carlton St (Allan Gardens)",Toronto,ON,Canada,43.663179,-79.373047,1,intersection,,"Sherbourne St",,,Toronto,ON,,M5A,CA,"CanVec+ by Natural Resources Canada"
"King St W / Bay St (West Side)",Toronto,ON,Canada,43.648641,-79.380272,1,intersection,,"King St W",,,Toronto,ON,,M5H,CA,"CanVec+ by Natural Resources Canada"
"Bay St / Queens Quay W (Ferry Terminal)",Toronto,ON,Canada,43.641146,-79.376829,1,intersection,,"Bay St",,,Toronto,ON,,M5J,CA,"CanVec+ by Natural Resources Canada"
"Widmer St / Adelaide St W",Toronto,ON,Canada,43.647576,-79.391559,1,intersection,,"Adelaide St W",,,Toronto,ON,,M5V,CA,"CanVec+ by Natural Resources Canada"
"Bremner Blvd / Rees St",Toronto,ON,Canada,43.640849,-79.387606,1,intersection,,"Rees St",,,Toronto,ON,,M5J,CA,"CanVec+ by Natural Resources Canada"
"Temperance St. Station",Toronto,ON,Canada,43.6496,-79.3833,0.23,place,,,,,Toronto,ON,,M5H,CA,"CanVec+ by Natural Resources Canada"
"Phoebe St / Spadina Ave",Toronto,ON,Canada,43.650077,-79.396798,0.94,intersection,,"Spadina Ave",,,Toronto,ON,,M5T,CA,"CanVec+ by Natural Resources Canada"
"Bay St / Albert St",Toronto,ON,Canada,0,0,0,,,,,,,,,,,
"Simcoe St / Queen St W",Toronto,ON,Canada,0,0,0,,,,,,,,,,,
"College St / Borden St",Toronto,ON,Canada,43.656963,-79.405167,0.95,intersection,,"College St",,,Toronto,ON,,M5T,CA,"CanVec+ by Natural Resources Canada"
"Dundonald St / Church St",Toronto,ON,Canada,43.666696,-79.38135,1,intersection,,"Church St",,,Toronto,ON,,M4Y,CA,"CanVec+ by Natural Resources Canada"
"Ted Rogers Way / Bloor St E",Toronto,ON,Canada,43.671604,-79.380554,1,intersection,,"Bloor St E",,,Toronto,ON,,M4W,CA,"CanVec+ by Natural Resources Canada"
"Bay St / St. Joseph St",Toronto,ON,Canada,43.665649,-79.387695,1,intersection,,"Bay St",,,Toronto,ON,,M4Y,CA,"CanVec+ by Natural Resources Canada"
"Beverley  St / Dundas St W",Toronto,ON,Canada,43.653812,-79.393833,1,intersection,,"Dundas St W",,,Toronto,ON,,M5T,CA,"CanVec+ by Natural Resources Canada"
"Gould St / Mutual St",Toronto,ON,Canada,43.658314,-79.377247,0.93,intersection,,"Gould St",,,Toronto,ON,,M5B,CA,"CanVec+ by Natural Resources Canada"
"St. James Park (King St. E.)",Toronto,ON,Canada,43.6684,-79.3689,0.23,place,,,,,Toronto,ON,,M4X,CA,"CanVec+ by Natural Resources Canada"
"Bay St / Wellesley St W",Toronto,ON,Canada,43.664367,-79.387155,1,intersection,,"Bay St",,,Toronto,ON,,M4Y,CA,"CanVec+ by Natural Resources Canada"
"Jarvis St / Isabella St",Toronto,ON,Canada,43.668887,-79.37944,1,intersection,,"Jarvis St",,,Toronto,ON,,M4Y,CA,"CanVec+ by Natural Resources Canada"
"Augusta Ave / Dundas St W",Toronto,ON,Canada,43.652267,-79.401131,0.96,intersection,,"Dundas St W",,,Toronto,ON,,M5T,CA,"CanVec+ by Natural Resources Canada"
"Union Station",Toronto,ON,Canada,43.677743,-79.467615,0.9,street_center,,"Union St",,,York,ON,,M6N,CA,"CanVec+ by Natural Resources Canada"
"Church St / Bloor St E",Toronto,ON,Canada,43.671039,-79.383143,1,intersection,,"Church St",,,Toronto,ON,,M4W,CA,"CanVec+ by Natural Resources Canada"
"Queen St W / Ossington Ave",Toronto,ON,Canada,0,0,0,,,,,,,,,,,
"Trinity St /Front St E",Toronto,ON,Canada,43.652094,-79.360339,1,intersection,,"Trinity St",,,Toronto,ON,,M5A,CA,"CanVec+ by Natural Resources Canada"
"Bathurst St / Dundas St W",Toronto,ON,Canada,43.652181,-79.406602,0.95,intersection,,"Dundas St W",,,Toronto,ON,,M6J,CA,"CanVec+ by Natural Resources Canada"
"Dundas St W / Yonge St",Toronto,ON,Canada,43.656322,-79.380913,0.8,intersection,,"Yonge St",,,Toronto,ON,,M5G,CA,"CanVec+ by Natural Resources Canada"
"Simcoe St / Michael Sweet Ave",Toronto,ON,Canada,43.652401,-79.388256,1,intersection,,"Simcoe St",,,Toronto,ON,,M5T,CA,"CanVec+ by Natural Resources Canada"
"Euclid Ave / Bloor St W",Toronto,ON,Canada,43.664334,-79.414851,1,intersection,,"Bloor St W",,,Toronto,ON,,M6G,CA,"CanVec+ by Natural Resources Canada"
"Edward St / Yonge St",Toronto,ON,Canada,43.657019,-79.381198,1,intersection,,"Yonge St",,,Toronto,ON,,M5B,CA,"CanVec+ by Natural Resources Canada"
"Sherbourne St / Wellesley St E",Toronto,ON,Canada,43.667092,-79.374666,1,intersection,,"Wellesley St E",,,Toronto,ON,,M4X,CA,"CanVec+ by Natural Resources Canada"
"Queens Quay W / Lower Simcoe St",Toronto,ON,Canada,43.639606,-79.38278,1,intersection,,"Queens Quay W",,,Toronto,ON,,M5J,CA,"CanVec+ by Natural Resources Canada"
"Church St / Alexander St",Toronto,ON,Canada,43.663693,-79.380103,1,intersection,,"Church St",,,Toronto,ON,,M4Y,CA,"CanVec+ by Natural Resources Canada"
"Bond St / Queen St E",Toronto,ON,Canada,0,0,0,,,,,,,,,,,
"Niagara St / Richmond St W",Toronto,ON,Canada,43.645009,-79.40947,1,intersection,,"Niagara St",,,Toronto,ON,,M6J,CA,"CanVec+ by Natural Resources Canada"
"University Ave / Gerrard St W",Toronto,ON,Canada,43.657578,-79.389345,1,intersection,,"University Ave",,,Toronto,ON,,M5G,CA,"CanVec+ by Natural Resources Canada"
"Front St W / Yonge St (Hockey Hall of Fame)",Toronto,ON,Canada,43.646875,-79.376959,1,intersection,,"Yonge St",,,Toronto,ON,,M5H,CA,"CanVec+ by Natural Resources Canada"
"Queen St W / Portland St",Toronto,ON,Canada,0,0,0,,,,,,,,,,,
"Richmond St E / Jarvis St Green P",Toronto,ON,Canada,43.653042,-79.37295,1,intersection,,"Jarvis St",,,Toronto,ON,,M5A,CA,"CanVec+ by Natural Resources Canada"
"Wellesley St E / Yonge St (Green P)",Toronto,ON,Canada,43.664931,-79.384584,0.95,intersection,,"Yonge St",,,Toronto,ON,,M4Y,CA,"CanVec+ by Natural Resources Canada"
"Wellington St W / Bay St",Toronto,ON,Canada,43.647328,-79.379712,1,intersection,,"Bay St",,,Toronto,ON,,M5H,CA,"CanVec+ by Natural Resources Canada"
"Metro Hall Plaza",Toronto,ON,Canada,43.653963,-79.387207,0.8,place,,,,,Toronto,ON,,M5G,CA,"CanVec+ by Natural Resources Canada"
"Navy Wharf Ct. / Bremner Blvd.",Toronto,ON,Canada,43.640682,-79.391511,1,intersection,,"Navy Wharf Ct",,,Toronto,ON,,M5V,CA,"CanVec+ by Natural Resources Canada"
"Jarvis St / Carlton St",Toronto,ON,Canada,43.662412,-79.376702,1,intersection,,"Jarvis St",,,Toronto,ON,,M4Y,CA,"CanVec+ by Natural Resources Canada"
"Parliament St / Gerrard St",Toronto,ON,Canada,43.66233,-79.367179,0.8,intersection,,"Parliament St",,,Toronto,ON,,M5A,CA,"CanVec+ by Natural Resources Canada"
"Simcoe St / Wellington St South",Toronto,ON,Canada,43.646051,-79.385549,0.8,intersection,,"Simcoe St",,,Toronto,ON,,M5H,CA,"CanVec+ by Natural Resources Canada"
"Huron/ Harbord St",Toronto,ON,Canada,0,0,0,,,,,,,,,,,
"Front St W / Blue Jays Way",Toronto,ON,Canada,43.643414,-79.391273,1,intersection,,"Front St W",,,Toronto,ON,,M5V,CA,"CanVec+ by Natural Resources Canada"
"Princess St / Adelaide St E",Toronto,ON,Canada,43.652402,-79.367411,1,intersection,,"Adelaide St E",,,Toronto,ON,,M5A,CA,"CanVec+ by Natural Resources Canada"
"Dalton Rd / Bloor St W",Toronto,ON,Canada,43.6736,-79.4035,0.23,place,,,,,Toronto,ON,,M5R,CA,"CanVec+ by Natural Resources Canada"
"University Ave / College St (West)",Toronto,ON,Canada,43.652393,-79.38678,1,street_center,,"University Ave",,,Toronto,ON,,M5G,CA,"CanVec+ by Natural Resources Canada"
"Queen's Park / Bloor St W",Toronto,ON,Canada,43.668718,-79.394133,0.8,intersection,,"Bloor St W",,,Toronto,ON,,M5S,CA,"CanVec+ by Natural Resources Canada"
"51 Parliament St",Toronto,ON,Canada,43.651951,-79.362142,1,rooftop,51,"Parliament St",,,Toronto,ON,,M5A,CA,"City of Toronto"
"Dundas St E / Parliament St",Toronto,ON,Canada,43.659432,-79.366005,1,intersection,,"Parliament St",,,Toronto,ON,,M5A,CA,"CanVec+ by Natural Resources Canada"
"Willcocks St / St. George St",Toronto,ON,Canada,43.662076,-79.397609,1,intersection,,"St George St",,,Toronto,ON,,M5S,CA,"CanVec+ by Natural Resources Canada"
"Yonge St / Harbour St",Toronto,ON,Canada,43.643307,-79.375465,1,intersection,,"Yonge St",,,Toronto,ON,,M5J,CA,"CanVec+ by Natural Resources Canada"
"Dockside Dr / Queens Quay E (Sugar Beach)",Toronto,ON,Canada,43.645123,-79.365593,1,intersection,,"Queens Quay E",,,Toronto,ON,,M5A,CA,"CanVec+ by Natural Resources Canada"
"Queen St W / Spadina Ave",Toronto,ON,Canada,0,0,0,,,,,,,,,,,
"25 York St   Union Station South",Toronto,ON,Canada,43.643432,-79.381214,1,rooftop,25,"York St",,,Toronto,ON,,M5J,CA,"City of Toronto"
"161 Bleecker St (South of Wellesley)",Toronto,ON,Canada,43.6684,-79.3689,0.23,place,,,,,Toronto,ON,,M4X,CA,"CanVec+ by Natural Resources Canada"
"Queen St W / Shaw St",Toronto,ON,Canada,0,0,0,,,,,,,,,,,
"Spadina Ave / Fort York Blvd",Toronto,ON,Canada,43.6629,-79.3987,0.23,place,,,,,Toronto,ON,,M5S,CA,"CanVec+ by Natural Resources Canada"
"Spadina Ave / Sussex Ave",Toronto,ON,Canada,43.664669,-79.402631,1,intersection,,"Spadina Ave",,,Toronto,ON,,M5S,CA,"CanVec+ by Natural Resources Canada"
"Queens Quay W / Dan Leckie Way",Toronto,ON,Canada,43.63661,-79.396687,1,intersection,,"Dan Leckie Way",,,Toronto,ON,,M5V,CA,"CanVec+ by Natural Resources Canada"
"York St / Queens Quay W",Toronto,ON,Canada,43.640072,-79.380104,1,intersection,,"York St",,,Toronto,ON,,M5J,CA,"CanVec+ by Natural Resources Canada"
"College Park South",Toronto,ON,Canada,43.652563,-79.406819,0.6,street_center,,"College Pl",,,Toronto,ON,,M6J,CA,"CanVec+ by Natural Resources Canada"
"College St / Major St",Toronto,ON,Canada,43.657434,-79.402774,0.91,intersection,,"College St",,,Toronto,ON,,M5T,CA,"CanVec+ by Natural Resources Canada"
"McGill St / Church St",Toronto,ON,Canada,43.660669,-79.378857,0.8,intersection,,"Church St",,,Toronto,ON,,M5B,CA,"CanVec+ by Natural Resources Canada"
"Danforth Ave / Barrington Ave",Toronto,ON,Canada,43.688445,-79.300556,0.95,intersection,,"Danforth Ave",,,York,ON,,M4C,CA,"CanVec+ by Natural Resources Canada"
"High Park - Grenadier Cafe",Toronto,ON,Canada,43.6469,-79.4521,0.23,place,,,,,Toronto,ON,,M6R,CA,"CanVec+ by Natural Resources Canada"
"Danforth Ave / Westlake Ave",Toronto,ON,Canada,43.687473,-79.30498,1,intersection,,"Danforth Ave",,,York,ON,,M4C,CA,"CanVec+ by Natural Resources Canada"
"High Park - West Rd",Toronto,ON,Canada,43.6469,-79.4521,0.23,place,,,,,Toronto,ON,,M6R,CA,"CanVec+ by Natural Resources Canada"
"Danforth Ave / Aldridge Ave",Toronto,ON,Canada,43.684735,-79.317166,1,intersection,,"Danforth Ave",,,York,ON,,M4C,CA,"CanVec+ by Natural Resources Canada"
"Danforth Ave / Coxwell Ave",Toronto,ON,Canada,43.683363,-79.323631,1,intersection,,"Coxwell Ave",,,York,ON,,M4C,CA,"CanVec+ by Natural Resources Canada"
"Church St  / Wood St",Toronto,ON,Canada,43.662824,-79.379742,1,intersection,,"Church St",,,Toronto,ON,,M4Y,CA,"CanVec+ by Natural Resources Canada"
"Danforth Ave / Lamb Ave",Toronto,ON,Canada,43.682127,-79.329332,1,intersection,,"Danforth Ave",,,Toronto,ON,,M4J,CA,"CanVec+ by Natural Resources Canada"
"Donlands Station",Toronto,ON,Canada,43.6872,-79.3368,0.23,place,,,,,Toronto,ON,,M4J,CA,"CanVec+ by Natural Resources Canada"
"Pape Subway Green P",Toronto,ON,Canada,43.653963,-79.387207,0.8,place,,,,,Toronto,ON,,M5G,CA,"CanVec+ by Natural Resources Canada"
"Danforth Ave / Gough Ave",Toronto,ON,Canada,43.678659,-79.346254,1,intersection,,"Danforth Ave",,,Toronto,ON,,M4K,CA,"CanVec+ by Natural Resources Canada"
"Chester Station",Toronto,ON,Canada,43.6803,-79.3538,0.23,place,,,,,Toronto,ON,,M4K,CA,"CanVec+ by Natural Resources Canada"
"Danforth Ave / Ellerbeck St",Toronto,ON,Canada,43.67668,-79.356357,0.96,intersection,,"Danforth Ave",,,Toronto,ON,,M4K,CA,"CanVec+ by Natural Resources Canada"
"Boston Ave / Queen St E",Toronto,ON,Canada,0,0,0,,,,,,,,,,,
"Riverdale Park North (Broadview Ave)",Toronto,ON,Canada,43.665706,-79.360766,0.6,street_center,,"Riverdale Park Rd",,,Toronto,ON,,M5A,CA,"CanVec+ by Natural Resources Canada"
"Riverdale Park South (Broadview Ave)",Toronto,ON,Canada,43.665706,-79.360766,0.6,street_center,,"Riverdale Park Rd",,,Toronto,ON,,M5A,CA,"CanVec+ by Natural Resources Canada"
"Cherry St / Mill St",Toronto,ON,Canada,43.65133,-79.357392,1,intersection,,"Mill St",,,Toronto,ON,,M5A,CA,"CanVec+ by Natural Resources Canada"
"Dundas St E / Regent Park Blvd",Toronto,ON,Canada,43.66036,-79.361783,1,intersection,,"Dundas St E",,,Toronto,ON,,M5A,CA,"CanVec+ by Natural Resources Canada"
"Lower Sherbourne St / The Esplanade",Toronto,ON,Canada,43.649042,-79.367291,1,intersection,,"Lower Sherbourne St",,,Toronto,ON,,M5A,CA,"CanVec+ by Natural Resources Canada"
"Nelson St / Duncan St",Toronto,ON,Canada,43.648808,-79.38891,1,intersection,,"Duncan St",,,Toronto,ON,,M5V,CA,"CanVec+ by Natural Resources Canada"
"Jimmie Simpson Park (Queen St E)",Toronto,ON,Canada,43.653963,-79.387207,0.8,place,,,,,Toronto,ON,,M5G,CA,"CanVec+ by Natural Resources Canada"
"King St E / River St",Toronto,ON,Canada,43.656869,-79.356159,0.94,intersection,,"King St E",,,Toronto,ON,,M5A,CA,"CanVec+ by Natural Resources Canada"
"Queen St E / Sackville St",Toronto,ON,Canada,0,0,0,,,,,,,,,,,
"Mill St / Tannery Rd",Toronto,ON,Canada,43.652196,-79.35436,1,intersection,,"Mill St",,,Toronto,ON,,M5A,CA,"CanVec+ by Natural Resources Canada"
"Cherry St / Distillery Ln",Toronto,ON,Canada,43.650291,-79.356926,1,intersection,,"Cherry St",,,Toronto,ON,,M5A,CA,"CanVec+ by Natural Resources Canada"
"Front St E / Cherry St",Toronto,ON,Canada,43.652658,-79.357991,1,intersection,,"Cherry St",,,Toronto,ON,,M5A,CA,"CanVec+ by Natural Resources Canada"
"Seaton St / Dundas St E",Toronto,ON,Canada,43.658654,-79.369499,1,intersection,,"Dundas St E",,,Toronto,ON,,M5A,CA,"CanVec+ by Natural Resources Canada"
"Queen St E / Berkeley St",Toronto,ON,Canada,0,0,0,,,,,,,,,,,
"King St W / Douro St",Toronto,ON,Canada,43.641104,-79.416628,1,intersection,,"King St W",,,Toronto,ON,,M6K,CA,"CanVec+ by Natural Resources Canada"
"Liberty St / Fraser Ave Green P",Toronto,ON,Canada,43.637585,-79.424121,1,intersection,,"Liberty St",,,Toronto,ON,,M6K,CA,"CanVec+ by Natural Resources Canada"
"Parliament St / Aberdeen Ave",Toronto,ON,Canada,43.665047,-79.368284,1,intersection,,"Parliament St",,,Toronto,ON,,M5A,CA,"CanVec+ by Natural Resources Canada"
"Carlton St / Parliament St",Toronto,ON,Canada,43.664277,-79.36797,1,intersection,,"Parliament St",,,Toronto,ON,,M5A,CA,"CanVec+ by Natural Resources Canada"
"Howard St / Sherbourne St",Toronto,ON,Canada,43.670777,-79.376223,0.92,intersection,,"Sherbourne St",,,Toronto,ON,,M4X,CA,"CanVec+ by Natural Resources Canada"
"Parliament St / Bloor St E",Toronto,ON,Canada,43.671477,-79.370883,0.94,intersection,,"Parliament St",,,Toronto,ON,,M4X,CA,"CanVec+ by Natural Resources Canada"
"Castle Frank Station",Toronto,ON,Canada,43.6827,-79.373,0.23,place,,,,,Toronto,ON,,M4W,CA,"CanVec+ by Natural Resources Canada"
"King St W / Bay St (East Side)",Toronto,ON,Canada,43.648641,-79.380272,1,intersection,,"King St W",,,Toronto,ON,,M5H,CA,"CanVec+ by Natural Resources Canada"
"Sumach St / Carlton St. (Riverdale Farm)",Toronto,ON,Canada,43.665685,-79.362499,1,intersection,,"Sumach St",,,Toronto,ON,,M5A,CA,"CanVec+ by Natural Resources Canada"
"Gerrard St E / River St",Toronto,ON,Canada,43.663701,-79.359232,1,intersection,,"Gerrard St E",,,Toronto,ON,,M5A,CA,"CanVec+ by Natural Resources Canada"
"Jarvis St / Dundas St E",Toronto,ON,Canada,43.65706,-79.374552,1,intersection,,"Dundas St E",,,Toronto,ON,,M5B,CA,"CanVec+ by Natural Resources Canada"
"Niagara St / Tecumseth St",Toronto,ON,Canada,43.6414,-79.404445,1,intersection,,"Niagara St",,,Toronto,ON,,M5V,CA,"CanVec+ by Natural Resources Canada"
"424 Wellington St W",Toronto,ON,Canada,43.643834,-79.39665,0.9,rooftop,424,"Wellington St W",,,Toronto,ON,,M5V,CA,"City of Toronto"
"Dundas St E / Broadview Ave",Toronto,ON,Canada,43.662443,-79.351349,1,intersection,,"Dundas St E",,,Toronto,ON,,M4M,CA,"CanVec+ by Natural Resources Canada"
"Yonge St / Yorkville Ave",Toronto,ON,Canada,43.671919,-79.387486,1,intersection,,"Yonge St",,,Toronto,ON,,M4W,CA,"CanVec+ by Natural Resources Canada"
"Bay St / Davenport Rd",Toronto,ON,Canada,43.67339,-79.391037,1,intersection,,"Davenport Rd",,,Toronto,ON,,M5R,CA,"CanVec+ by Natural Resources Canada"
"Yonge St / Aylmer Ave",Toronto,ON,Canada,43.675578,-79.388976,0.95,intersection,,"Yonge St",,,Toronto,ON,,M4W,CA,"CanVec+ by Natural Resources Canada"
"Davenport Rd / Avenue Rd",Toronto,ON,Canada,43.6861,-79.4025,0.23,place,,,,,Toronto,ON,,M4V,CA,"CanVec+ by Natural Resources Canada"
"Pears Av / Avenue Rd",Toronto,ON,Canada,43.6736,-79.4035,0.23,place,,,,,Toronto,ON,,M5R,CA,"CanVec+ by Natural Resources Canada"
"Taddle Creek Park",Toronto,ON,Canada,43.653963,-79.387207,0.8,place,,,,,Toronto,ON,,M5G,CA,"CanVec+ by Natural Resources Canada"
"Kendal Ave / Spadina Rd",Toronto,ON,Canada,43.6861,-79.4025,0.23,place,,,,,Toronto,ON,,M4V,CA,"CanVec+ by Natural Resources Canada"
"Summerhill Station",Toronto,ON,Canada,43.6075,-79.5013,0.23,place,,,,,Toronto,ON,,M8V,CA,"CanVec+ by Natural Resources Canada"
"Marlborough Ave / Yonge St",Toronto,ON,Canada,43.679897,-79.390721,1,intersection,,"Yonge St",,,Toronto,ON,,M5R,CA,"CanVec+ by Natural Resources Canada"
"Hanna Ave / Liberty St",Toronto,ON,Canada,43.63851,-79.419554,0.8,intersection,,"E Liberty St",,,Toronto,ON,,M6K,CA,"CanVec+ by Natural Resources Canada"
"Queen St W / Close Ave",Toronto,ON,Canada,0,0,0,,,,,,,,,,,
"Davenport Rd / Bathurst St",Toronto,ON,Canada,43.676705,-79.415758,1,intersection,,"Bathurst St",,,Toronto,ON,,M5R,CA,"CanVec+ by Natural Resources Canada"
"Davenport Rd / Christie St",Toronto,ON,Canada,43.675558,-79.423078,1,intersection,,"Christie St",,,Toronto,ON,,M6G,CA,"CanVec+ by Natural Resources Canada"
"Glen Edyth Dr / Davenport Rd",Toronto,ON,Canada,43.6736,-79.4035,0.23,place,,,,,Toronto,ON,,M5R,CA,"CanVec+ by Natural Resources Canada"
"Macpherson Ave / Spadina Rd",Toronto,ON,Canada,43.675864,-79.407477,1,intersection,,"Macpherson Ave",,,Toronto,ON,,M4V,CA,"CanVec+ by Natural Resources Canada"
"Bridgeman Ave / Kendal Ave",Toronto,ON,Canada,43.653963,-79.387207,0.8,place,,,,,Toronto,ON,,M5G,CA,"CanVec+ by Natural Resources Canada"
"Bridgeman Ave / Bathurst St",Toronto,ON,Canada,43.653963,-79.387207,0.8,place,,,,,Toronto,ON,,M5G,CA,"CanVec+ by Natural Resources Canada"
"Kendal Ave / Bernard Ave",Toronto,ON,Canada,43.671934,-79.408449,1,intersection,,"Kendal Ave",,,Toronto,ON,,M5R,CA,"CanVec+ by Natural Resources Canada"
"Palmerston Ave / Vermont Ave",Toronto,ON,Canada,43.671603,-79.416347,1,intersection,,"Palmerston Ave",,,Toronto,ON,,M6G,CA,"CanVec+ by Natural Resources Canada"
"Christie St / Benson Ave (Wychwood Barns)",Toronto,ON,Canada,43.679984,-79.42503,1,intersection,,"Christie St",,,York,ON,,M6C,CA,"CanVec+ by Natural Resources Canada"
"King St W / Fraser Ave",Toronto,ON,Canada,43.639459,-79.424829,1,intersection,,"King St W",,,Toronto,ON,,M6K,CA,"CanVec+ by Natural Resources Canada"
"King St W / Joe Shuster Way",Toronto,ON,Canada,43.6496,-79.3833,0.23,place,,,,,Toronto,ON,,M5H,CA,"CanVec+ by Natural Resources Canada"
"Yarmouth Rd / Christie St",Toronto,ON,Canada,43.670009,-79.420916,1,intersection,,"Christie St",,,Toronto,ON,,M6G,CA,"CanVec+ by Natural Resources Canada"
"Dufferin St / Sylvan Av (Dufferin Grove Park)",Toronto,ON,Canada,43.739,-79.4692,0.23,place,,,,,Toronto,ON,,M3K,CA,"CanVec+ by Natural Resources Canada"
"Essex St / Christie St",Toronto,ON,Canada,43.668335,-79.420278,1,intersection,,"Christie St",,,Toronto,ON,,M6G,CA,"CanVec+ by Natural Resources Canada"
"Ossington Ave / Bloor St W",Toronto,ON,Canada,43.66198,-79.425654,1,intersection,,"Ossington Ave",,,Toronto,ON,,M6G,CA,"CanVec+ by Natural Resources Canada"
"Bloor St W / Christie St",Toronto,ON,Canada,43.663582,-79.418406,1,intersection,,"Christie St",,,Toronto,ON,,M6G,CA,"CanVec+ by Natural Resources Canada"
"Bathurst Subway Station",Toronto,ON,Canada,43.7113,-79.4195,0.23,place,,,,,Toronto,ON,,M5N,CA,"CanVec+ by Natural Resources Canada"
"Bathurst St / Lennox St",Toronto,ON,Canada,43.663832,-79.410682,1,intersection,,"Bathurst St",,,Toronto,ON,,M5S,CA,"CanVec+ by Natural Resources Canada"
"Salem Ave / Bloor St W",Toronto,ON,Canada,43.660658,-79.431666,0.95,intersection,,"Bloor St W",,,Toronto,ON,,M6H,CA,"CanVec+ by Natural Resources Canada"
"Dufferin St / Bloor St",Toronto,ON,Canada,43.65988,-79.435357,0.8,intersection,,"Bloor St W",,,Toronto,ON,,M6H,CA,"CanVec+ by Natural Resources Canada"
"King St W / Stafford St",Toronto,ON,Canada,43.642289,-79.410707,1,intersection,,"King St W",,,Toronto,ON,,M6J,CA,"CanVec+ by Natural Resources Canada"
"King St W / Tecumseth St",Toronto,ON,Canada,43.643393,-79.405272,1,intersection,,"King St W",,,Toronto,ON,,M5V,CA,"CanVec+ by Natural Resources Canada"
"Beverley St / College St",Toronto,ON,Canada,43.658719,-79.395843,1,intersection,,"College St",,,Toronto,ON,,M5S,CA,"CanVec+ by Natural Resources Canada"
"Hayter St / Laplante Ave",Toronto,ON,Canada,43.659378,-79.385448,1,street_center,,"Hayter St",,,Toronto,ON,,M5G,CA,"CanVec+ by Natural Resources Canada"
"Yonge St / Wood St",Toronto,ON,Canada,43.662047,-79.383372,0.95,intersection,,"Yonge St",,,Toronto,ON,,M4Y,CA,"CanVec+ by Natural Resources Canada"
"Gould St / Yonge St (Ryerson University)",Toronto,ON,Canada,43.657396,-79.381359,0.95,intersection,,"Yonge St",,,Toronto,ON,,M5G,CA,"CanVec+ by Natural Resources Canada"
"Queen St E / George St (Moss Park)",Toronto,ON,Canada,0,0,0,,,,,,,,,,,
"Queens Quay / Yonge St",Toronto,ON,Canada,43.649139,-79.377903,0.8,intersection,,"Yonge St",,,Toronto,ON,,M5C,CA,"CanVec+ by Natural Resources Canada"
"Front St W / Bay St (North Side)",Toronto,ON,Canada,43.645978,-79.379116,1,intersection,,"Bay St",,,Toronto,ON,,M5J,CA,"CanVec+ by Natural Resources Canada"
"Spadina Ave / Willcocks St",Toronto,ON,Canada,43.661297,-79.401402,1,intersection,,"Spadina Ave",,,Toronto,ON,,M5S,CA,"CanVec+ by Natural Resources Canada"
"Ontario Place Blvd / Lakeshore Blvd W",Toronto,ON,Canada,43.631176,-79.410223,0.6,street_center,,"Ontario Place Blvd",,,Toronto,ON,,M5V,CA,"CanVec+ by Natural Resources Canada"
"Strachan Ave / Princes' Blvd",Toronto,ON,Canada,43.6404,-79.3995,0.23,place,,,,,Toronto,ON,,M5V,CA,"CanVec+ by Natural Resources Canada"
"Cariboo St / Rail Path",Toronto,ON,Canada,43.7113,-79.4195,0.23,place,,,,,Toronto,ON,,M5N,CA,"CanVec+ by Natural Resources Canada"
"Bloor St W / Dundas St W",Toronto,ON,Canada,43.656315,-79.452442,1,intersection,,"Dundas St W",,,Toronto,ON,,M6P,CA,"CanVec+ by Natural Resources Canada"
"HTO Park (Queens Quay W)",Toronto,ON,Canada,43.653963,-79.387207,0.8,place,,,,,Toronto,ON,,M5G,CA,"CanVec+ by Natural Resources Canada"
"Bathurst St / Fort York Blvd",Toronto,ON,Canada,43.7113,-79.4195,0.23,place,,,,,Toronto,ON,,M5N,CA,"CanVec+ by Natural Resources Canada"
"East Liberty St / Pirandello St",Toronto,ON,Canada,43.638663,-79.413943,1,intersection,,"E Liberty St",,,Toronto,ON,,M6K,CA,"CanVec+ by Natural Resources Canada"
"Dundas St W / Edna Ave",Toronto,ON,Canada,43.65728,-79.4527,1,intersection,,"Dundas St W",,,Toronto,ON,,M6P,CA,"CanVec+ by Natural Resources Canada"
"Bloor GO / UP Station (West Toronto Railpath)",Toronto,ON,Canada,43.653963,-79.387207,0.8,place,,,,,Toronto,ON,,M5G,CA,"CanVec+ by Natural Resources Canada"
"Lansdowne Subway Station",Toronto,ON,Canada,43.653963,-79.387207,0.8,place,,,,,Toronto,ON,,M5G,CA,"CanVec+ by Natural Resources Canada"
"Lansdowne Ave / Whytock Ave",Toronto,ON,Canada,43.653846,-79.441132,1,intersection,,"Lansdowne Ave",,,Toronto,ON,,M6H,CA,"CanVec+ by Natural Resources Canada"
"Sterling Rd / Dundas St W",Toronto,ON,Canada,43.6605,-79.4633,0.23,place,,,,,Toronto,ON,,M6P,CA,"CanVec+ by Natural Resources Canada"
"St Clarens Ave / College St",Toronto,ON,Canada,43.651328,-79.438779,1,intersection,,"College St",,,Toronto,ON,,M6H,CA,"CanVec+ by Natural Resources Canada"
"Ossington Ave / College St",Toronto,ON,Canada,43.654394,-79.42269,1,intersection,,"Ossington Ave",,,Toronto,ON,,M6J,CA,"CanVec+ by Natural Resources Canada"
"Exhibition GO (Atlantic Ave)",Toronto,ON,Canada,43.653963,-79.387207,0.8,place,,,,,Toronto,ON,,M5G,CA,"CanVec+ by Natural Resources Canada"
"Augusta Ave / Denison Sq",Toronto,ON,Canada,43.653878,-79.401771,1,intersection,,"Augusta Ave",,,Toronto,ON,,M5T,CA,"CanVec+ by Natural Resources Canada"
"St. George St / Hoskin Ave",Toronto,ON,Canada,43.6736,-79.4035,0.23,place,,,,,Toronto,ON,,M5R,CA,"CanVec+ by Natural Resources Canada"
"Central Tech  (Harbord St)",Toronto,ON,Canada,43.6075,-79.5013,0.23,place,,,,,Toronto,ON,,M8V,CA,"CanVec+ by Natural Resources Canada"
"Harbord St / Clinton St",Toronto,ON,Canada,43.660278,-79.415838,1,intersection,,"Harbord St",,,Toronto,ON,,M6G,CA,"CanVec+ by Natural Resources Canada"
"Queen St W / Gladstone Ave",Toronto,ON,Canada,0,0,0,,,,,,,,,,,
"Mortimer Ave / Coxwell Ave",Toronto,ON,Canada,43.690582,-79.326557,1,intersection,,"Coxwell Ave",,,Toronto,ON,,M4J,CA,"CanVec+ by Natural Resources Canada"
"Ulster St / Bathurst St",Toronto,ON,Canada,43.659812,-79.40906,1,intersection,,"Bathurst St",,,Toronto,ON,,M5S,CA,"CanVec+ by Natural Resources Canada"
"Roxton Rd / Harbord St",Toronto,ON,Canada,43.658793,-79.423083,1,intersection,,"Harbord St",,,Toronto,ON,,M6G,CA,"CanVec+ by Natural Resources Canada"
"Queen St W / Dovercourt Rd",Toronto,ON,Canada,0,0,0,,,,,,,,,,,
"Queen St W / Cowan Ave",Toronto,ON,Canada,0,0,0,,,,,,,,,,,
"College St / Markham St",Toronto,ON,Canada,43.65622,-79.408951,1,intersection,,"College St",,,Toronto,ON,,M6G,CA,"CanVec+ by Natural Resources Canada"
"Queen St W / York St (City Hall)",Toronto,ON,Canada,0,0,0,,,,,,,,,,,
"Bathurst St/Queens Quay(Billy Bishop Airport)",Toronto,ON,Canada,43.647192,-79.403982,0.8,intersection,,"Bathurst St",,,Toronto,ON,,M5T,CA,"CanVec+ by Natural Resources Canada"
"College St / Crawford St",Toronto,ON,Canada,43.655154,-79.419024,1,intersection,,"College St",,,Toronto,ON,,M6G,CA,"CanVec+ by Natural Resources Canada"
"Rusholme Park Cres / College St",Toronto,ON,Canada,43.652905,-79.429661,1,intersection,,"College St",,,Toronto,ON,,M6H,CA,"CanVec+ by Natural Resources Canada"
"Claremont St / Dundas St W",Toronto,ON,Canada,43.65117,-79.411589,1,intersection,,"Dundas St W",,,Toronto,ON,,M6J,CA,"CanVec+ by Natural Resources Canada"
"Dundas St W / Crawford St",Toronto,ON,Canada,43.650057,-79.417062,1,intersection,,"Dundas St W",,,Toronto,ON,,M6J,CA,"CanVec+ by Natural Resources Canada"
"80 Clinton St (North of College)",Toronto,ON,Canada,43.656208,-79.414631,1,rooftop,80,"Clinton St",,,Toronto,ON,,M6G,CA,"City of Toronto"
"Ossington Ave / Harrison St",Toronto,ON,Canada,43.650954,-79.421366,1,intersection,,"Ossington Ave",,,Toronto,ON,,M6J,CA,"CanVec+ by Natural Resources Canada"
"Mary McCormick Rec Centre (Sheridan Ave)",Toronto,ON,Canada,43.653963,-79.387207,0.8,place,,,,,Toronto,ON,,M5G,CA,"CanVec+ by Natural Resources Canada"
"Fort York Blvd / Garrison Rd",Toronto,ON,Canada,43.6404,-79.3995,0.23,place,,,,,Toronto,ON,,M5V,CA,"CanVec+ by Natural Resources Canada"
"Wellington St W / Stafford St",Toronto,ON,Canada,43.641004,-79.410233,1,intersection,,"Stafford St",,,Toronto,ON,,M5V,CA,"CanVec+ by Natural Resources Canada"
"Lakeshore Blvd W / Ellis Ave",Toronto,ON,Canada,43.623,-79.3936,0.23,place,,,,,Toronto,ON,,M5J,CA,"CanVec+ by Natural Resources Canada"
"High Park Subway Station",Toronto,ON,Canada,43.6469,-79.4521,0.23,place,,,,,Toronto,ON,,M6R,CA,"CanVec+ by Natural Resources Canada"
"Sunnyside - Gus Ryder Pool",Toronto,ON,Canada,43.6469,-79.4521,0.23,place,,,,,Toronto,ON,,M6R,CA,"CanVec+ by Natural Resources Canada"
"Parkside Dr / Bloor St W - SMART",Toronto,ON,Canada,43.654717,-79.459981,1,intersection,,"Bloor St W",,,Toronto,ON,,M6R,CA,"CanVec+ by Natural Resources Canada"
"Bloor St W / High Park Ave (High Park)",Toronto,ON,Canada,43.6656,-79.383,0.23,place,,,,,Toronto,ON,,M4Y,CA,"CanVec+ by Natural Resources Canada"
"Lakeshore Blvd W / Windermere Ave",Toronto,ON,Canada,43.623,-79.3936,0.23,place,,,,,Toronto,ON,,M5J,CA,"CanVec+ by Natural Resources Canada"
"Lakeshore Blvd W / The Boulevard Club",Toronto,ON,Canada,43.623,-79.3936,0.23,place,,,,,Toronto,ON,,M5J,CA,"CanVec+ by Natural Resources Canada"
"Martin Goodman Trail (Marilyn Bell Park)",Toronto,ON,Canada,43.702,-79.3853,0.23,place,,,,,Toronto,ON,,M4S,CA,"CanVec+ by Natural Resources Canada"
"Queen St W / Roncesvalles Ave",Toronto,ON,Canada,0,0,0,,,,,,,,,,,
"Dundas St W / Roncesvalles Green P - SMART",Toronto,ON,Canada,43.653874,-79.451833,1,intersection,,"Dundas St W",,,Toronto,ON,,M6R,CA,"CanVec+ by Natural Resources Canada"
"Garden Ave / Roncesvalles Ave",Toronto,ON,Canada,43.643702,-79.448027,1,intersection,,"Garden Ave",,,Toronto,ON,,M6R,CA,"CanVec+ by Natural Resources Canada"
"Wright / Sorauren (Sorauren Park) - SMART",Toronto,ON,Canada,43.653963,-79.387207,0.8,place,,,,,Toronto,ON,,M5G,CA,"CanVec+ by Natural Resources Canada"
"Queen St W  /  Fuller Ave - SMART",Toronto,ON,Canada,0,0,0,,,,,,,,,,,
"King / Cowan Ave - SMART",Toronto,ON,Canada,43.638016,-79.431859,0.8,intersection,,"King St W",,,Toronto,ON,,M6K,CA,"CanVec+ by Natural Resources Canada"
"Roncesvalles Ave / Marmaduke St",Toronto,ON,Canada,43.650445,-79.450644,1,intersection,,"Roncesvalles Ave",,,Toronto,ON,,M6R,CA,"CanVec+ by Natural Resources Canada"
"Bay St / College St (West Side) - SMART",Toronto,ON,Canada,43.660809,-79.385849,1,intersection,,"Bay St",,,Toronto,ON,,M5S,CA,"CanVec+ by Natural Resources Canada"
"Thompson St / Broadview Ave - SMART",Toronto,ON,Canada,43.659582,-79.350139,1,intersection,,"Broadview Ave",,,Toronto,ON,,M4M,CA,"CanVec+ by Natural Resources Canada"
"Ward Ave / Wallace Ave",Toronto,ON,Canada,43.662039,-79.445851,0.96,intersection,,"Wallace Ave",,,Toronto,ON,,M6H,CA,"CanVec+ by Natural Resources Canada"
"Sorauren/Geoffrey (Sorauren Park) - SMART",Toronto,ON,Canada,43.653963,-79.387207,0.8,place,,,,,Toronto,ON,,M5G,CA,"CanVec+ by Natural Resources Canada"
"Bloor St W / Manning Ave - SMART",Toronto,ON,Canada,43.664079,-79.415974,1,intersection,,"Manning Ave",,,Toronto,ON,,M6G,CA,"CanVec+ by Natural Resources Canada"
"Bloor St W / Shaw Ave - SMART",Toronto,ON,Canada,43.662505,-79.423259,1,intersection,,"Bloor St W",,,Toronto,ON,,M6G,CA,"CanVec+ by Natural Resources Canada"
"519 Church St - SMART",Toronto,ON,Canada,43.666552,-79.380943,1,rooftop,519,"Church St",,,Toronto,ON,,M4Y,CA,"City of Toronto"
"Lakeshore Blvd W / Ontario Dr",Toronto,ON,Canada,43.653963,-79.387207,0.27,place,,,,,Toronto,ON,,M5G,CA,"CanVec+ by Natural Resources Canada"
"Exhibition GO Station",Toronto,ON,Canada,43.653963,-79.387207,0.8,place,,,,,Toronto,ON,,M5G,CA,"CanVec+ by Natural Resources Canada"
"Dufferin Gate - SMART",Toronto,ON,Canada,43.7535,-79.4472,0.23,place,,,,,York,ON,,M3H,CA,"CanVec+ by Natural Resources Canada"
"Tecumseth St / Queen St W - SMART",Toronto,ON,Canada,0,0,0,,,,,,,,,,,
"Yonge St / Bloor St",Toronto,ON,Canada,43.670217,-79.386775,0.8,intersection,,"Yonge St",,,Toronto,ON,,M4W,CA,"CanVec+ by Natural Resources Canada"
"Howard Park Ave / Dundas St W - SMART",Toronto,ON,Canada,43.652112,-79.448071,1,intersection,,"Dundas St W",,,Toronto,ON,,M6R,CA,"CanVec+ by Natural Resources Canada"
"Baldwin Ave / Spadina Ave - SMART",Toronto,ON,Canada,43.655121,-79.399021,1,intersection,,"Spadina Ave",,,Toronto,ON,,M5T,CA,"CanVec+ by Natural Resources Canada"
"Dovercourt Rd / Harrison St (Green P) - SMART",Toronto,ON,Canada,43.650231,-79.425055,0.93,intersection,,"Dovercourt Rd",,,Toronto,ON,,M6J,CA,"CanVec+ by Natural Resources Canada"
"St. George St / Russell St - SMART",Toronto,ON,Canada,43.660442,-79.396947,1,intersection,,"St George St",,,Toronto,ON,,M5S,CA,"CanVec+ by Natural Resources Canada"
"The Royal Ontario Museum (Bloor St Entrance)",Toronto,ON,Canada,43.653963,-79.387207,0.8,place,,,,,Toronto,ON,,M5G,CA,"CanVec+ by Natural Resources Canada"
"Robert St / Bloor St W - SMART",Toronto,ON,Canada,43.666353,-79.405347,1,intersection,,"Bloor St W",,,Toronto,ON,,M5R,CA,"CanVec+ by Natural Resources Canada"
"John St  / Mercer St - SMART",Toronto,ON,Canada,43.645813,-79.39005,0.95,intersection,,"Mercer St",,,Toronto,ON,,M5V,CA,"CanVec+ by Natural Resources Canada"
"Borden St / Bloor St W - SMART",Toronto,ON,Canada,43.66567,-79.408664,1,intersection,,"Bloor St W",,,Toronto,ON,,M5S,CA,"CanVec+ by Natural Resources Canada"
"Stewart St / Bathurst St  - SMART",Toronto,ON,Canada,43.6404,-79.3995,0.23,place,,,,,Toronto,ON,,M5V,CA,"CanVec+ by Natural Resources Canada"
"Vanauley St / Queen St W - SMART",Toronto,ON,Canada,0,0,0,,,,,,,,,,,
"Dundas St W / St. Patrick St",Toronto,ON,Canada,43.654493,-79.39037,1,intersection,,"Dundas St W",,,Toronto,ON,,M5T,CA,"CanVec+ by Natural Resources Canada"
"Queen St E / Larchmount Ave",Toronto,ON,Canada,0,0,0,,,,,,,,,,,
"Lower Spadina Ave / Lakeshore Blvd",Toronto,ON,Canada,43.623,-79.3936,0.23,place,,,,,Toronto,ON,,M5J,CA,"CanVec+ by Natural Resources Canada"
"Spadina Ave / Adelaide St W",Toronto,ON,Canada,43.646744,-79.395546,1,intersection,,"Spadina Ave",,,Toronto,ON,,M5V,CA,"CanVec+ by Natural Resources Canada"
"Wychwood Ave / Benson Ave - SMART",Toronto,ON,Canada,43.680531,-79.422842,1,intersection,,"Wychwood Ave",,,Toronto,ON,,M6G,CA,"CanVec+ by Natural Resources Canada"
"Walton St / Elizabeth St - SMART",Toronto,ON,Canada,43.658575,-79.382348,1,point,,"Walton St",,,Toronto,ON,,M5G,CA,"CanVec+ by Natural Resources Canada"
"Bloor St E / Huntley St - SMART",Toronto,ON,Canada,43.671888,-79.379149,1,intersection,,"Bloor St E",,,Toronto,ON,,M4W,CA,"CanVec+ by Natural Resources Canada"
"Wallace Ave / Symington Ave - SMART",Toronto,ON,Canada,43.661287,-79.449385,1,intersection,,"Symington Ave",,,Toronto,ON,,M6P,CA,"CanVec+ by Natural Resources Canada"
"Victoria Park Subway Station - SMART",Toronto,ON,Canada,43.7063,-79.3094,0.23,place,,,,,York,ON,,M4B,CA,"CanVec+ by Natural Resources Canada"
"Dundas St E / Pembroke St - SMART",Toronto,ON,Canada,43.658163,-79.372377,1,intersection,,"Dundas St E",,,Toronto,ON,,M5A,CA,"CanVec+ by Natural Resources Canada"
"111 Bond St (North of Dundas St E)  - SMART",Toronto,ON,Canada,43.657113,-79.37835,1,rooftop,111,"Bond St",,,Toronto,ON,,M5B,CA,"City of Toronto"
"Toronto Eaton Centre (Yonge St)",Toronto,ON,Canada,43.6513,-79.3756,0.23,place,,,,,Toronto,ON,,M5C,CA,"CanVec+ by Natural Resources Canada"
"Church St / Dundas St E - SMART",Toronto,ON,Canada,43.656493,-79.377134,1,intersection,,"Dundas St E",,,Toronto,ON,,M5B,CA,"CanVec+ by Natural Resources Canada"
"Yonge St / Alexander St - SMART",Toronto,ON,Canada,43.662889,-79.383721,0.95,intersection,,"Yonge St",,,Toronto,ON,,M4Y,CA,"CanVec+ by Natural Resources Canada"
"Yonge St / Dundonald St - SMART",Toronto,ON,Canada,43.665834,-79.384942,0.96,intersection,,"Yonge St",,,Toronto,ON,,M4Y,CA,"CanVec+ by Natural Resources Canada"
"Bay St / Charles St - SMART",Toronto,ON,Canada,43.668193,-79.388863,0.8,intersection,,"Bay St",,,Toronto,ON,,M5S,CA,"CanVec+ by Natural Resources Canada"
"Queen's Park Cres E / Grosvenor St - SMART",Toronto,ON,Canada,43.661733,-79.389884,0.8,intersection,,"Grosvenor St",,,Toronto,ON,,M5S,CA,"CanVec+ by Natural Resources Canada"
"Queen St W / James St",Toronto,ON,Canada,0,0,0,,,,,,,,,,,
"Bloor St W / Balmuto St",Toronto,ON,Canada,43.669964,-79.388009,1,intersection,,"Bloor St W",,,Toronto,ON,,M4Y,CA,"CanVec+ by Natural Resources Canada"
"Chorley Park - SMART",Toronto,ON,Canada,43.653963,-79.387207,0.8,place,,,,,Toronto,ON,,M5G,CA,"CanVec+ by Natural Resources Canada"
"Mallon Ave / Jones Ave -SMART",Toronto,ON,Canada,43.665851,-79.334166,1,intersection,,"Jones Ave",,,Toronto,ON,,M4M,CA,"CanVec+ by Natural Resources Canada"
"Rosehill Ave / Avoca Ave - SMART",Toronto,ON,Canada,43.6899,-79.3853,0.23,place,,,,,Toronto,ON,,M4T,CA,"CanVec+ by Natural Resources Canada"
"Charles St E / Jarvis St - SMART",Toronto,ON,Canada,43.6656,-79.383,0.23,place,,,,,Toronto,ON,,M4Y,CA,"CanVec+ by Natural Resources Canada"
"Charles St W / Balmuto St - SMART",Toronto,ON,Canada,43.66847,-79.387404,0.92,intersection,,"Charles St W",,,Toronto,ON,,M4Y,CA,"CanVec+ by Natural Resources Canada"
"Adelaide St W / Bay St - SMART",Toronto,ON,Canada,43.649886,-79.380798,1,intersection,,"Adelaide St W",,,Toronto,ON,,M5H,CA,"CanVec+ by Natural Resources Canada"
"Front St W / Bay St (South Side)",Toronto,ON,Canada,43.645978,-79.379116,1,intersection,,"Bay St",,,Toronto,ON,,M5J,CA,"CanVec+ by Natural Resources Canada"
"York St / King St W - SMART",Toronto,ON,Canada,43.640072,-79.380104,0.8,intersection,,"York St",,,Toronto,ON,,M5J,CA,"CanVec+ by Natural Resources Canada"
"Spadina Ave / Harbord St - SMART",Toronto,ON,Canada,43.66306,-79.402103,1,intersection,,"Harbord St",,,Toronto,ON,,M5S,CA,"CanVec+ by Natural Resources Canada"
"Gerrard St E / Broadview - SMART",Toronto,ON,Canada,43.665486,-79.352637,1,intersection,,"Gerrard St E",,,Toronto,ON,,M5A,CA,"CanVec+ by Natural Resources Canada"
"Queen St E / Pape Ave - SMART",Toronto,ON,Canada,0,0,0,,,,,,,,,,,
"Humber Bay Shores Park West",Toronto,ON,Canada,43.640089,-79.490211,0.9,point,,"Humber Valley Rd",,,Etobicoke,ON,,M8Y,CA,"CanVec+ by Natural Resources Canada"
"Humber Bay Shores Park East",Toronto,ON,Canada,43.640089,-79.490211,0.9,point,,"Humber Valley Rd",,,Etobicoke,ON,,M8Y,CA,"CanVec+ by Natural Resources Canada"
"Lakeshore Blvd E / Parliament St",Toronto,ON,Canada,43.623,-79.3936,0.23,place,,,,,Toronto,ON,,M5J,CA,"CanVec+ by Natural Resources Canada"
"Granby St / Church St - SMART",Toronto,ON,Canada,43.661248,-79.379102,1,intersection,,"Church St",,,Toronto,ON,,M5B,CA,"CanVec+ by Natural Resources Canada"
"College St / McCaul St",Toronto,ON,Canada,43.659191,-79.393469,1,intersection,,"College St",,,Toronto,ON,,M5S,CA,"CanVec+ by Natural Resources Canada"
"Westmoreland Ave / Fernbank Ave",Toronto,ON,Canada,43.6661,-79.432566,1,intersection,,"Westmoreland Ave",,,Toronto,ON,,M6H,CA,"CanVec+ by Natural Resources Canada"
"Havelock St / Dufferin Park",Toronto,ON,Canada,43.6655,-79.4378,0.23,place,,,,,Toronto,ON,,M6H,CA,"CanVec+ by Natural Resources Canada"
"Bathurst St / Adelaide St W",Toronto,ON,Canada,43.644866,-79.403066,1,intersection,,"Bathurst St",,,Toronto,ON,,M5V,CA,"CanVec+ by Natural Resources Canada"
"Mill St / Parliament St",Toronto,ON,Canada,43.6555,-79.3626,0.23,place,,,,,Toronto,ON,,M5A,CA,"CanVec+ by Natural Resources Canada"
"Primrose Ave / Davenport Rd",Toronto,ON,Canada,43.671929,-79.446035,1,intersection,,"Davenport Rd",,,Toronto,ON,,M6H,CA,"CanVec+ by Natural Resources Canada"
"Winona Dr / Davenport Rd",Toronto,ON,Canada,43.6683,-79.4205,0.23,place,,,,,Toronto,ON,,M6G,CA,"CanVec+ by Natural Resources Canada"
"Queen St. E / Woodward Av",Toronto,ON,Canada,0,0,0,,,,,,,,,,,
"Queen St. E / Rhodes Ave.",Toronto,ON,Canada,0,0,0,,,,,,,,,,,
"Sherbourne St / Isabella St",Toronto,ON,Canada,43.66966,-79.375753,1,intersection,,"Sherbourne St",,,Toronto,ON,,M4X,CA,"CanVec+ by Natural Resources Canada"
"Amelia St. / Sumach St.",Toronto,ON,Canada,43.668473,-79.363658,1,intersection,,"Amelia St",,,Toronto,ON,,M4X,CA,"CanVec+ by Natural Resources Canada"
"Coxwell Ave/  Lakeshore Blvd E",Toronto,ON,Canada,43.6872,-79.3368,0.23,place,,,,,Toronto,ON,,M4J,CA,"CanVec+ by Natural Resources Canada"
"Queen St. E / Eastern Ave",Toronto,ON,Canada,0,0,0,,,,,,,,,,,
"Queen St E / Hammersmith Ave",Toronto,ON,Canada,0,0,0,,,,,,,,,,,
"Queen St. E / Spruce Hill Rd.",Toronto,ON,Canada,0,0,0,,,,,,,,,,,
"Hubbard Blvd / Balsam Av",Toronto,ON,Canada,43.669422,-79.288818,1,intersection,,"Balsam Ave",,,Toronto,ON,,M4E,CA,"CanVec+ by Natural Resources Canada"
"Hubbard Blvd. / Glen Manor Dr.",Toronto,ON,Canada,43.668758,-79.291366,1,intersection,,"Glen Manor Dr",,,Toronto,ON,,M4E,CA,"CanVec+ by Natural Resources Canada"
"Lakeshore Blvd E / Knox Ave",Toronto,ON,Canada,43.623,-79.3936,0.23,place,,,,,Toronto,ON,,M5J,CA,"CanVec+ by Natural Resources Canada"
"Front St W / University Ave (1)",Toronto,ON,Canada,43.645076,-79.383414,1,intersection,,"University Ave",,,Toronto,ON,,M5H,CA,"CanVec+ by Natural Resources Canada"
"Front St W / University Ave (2)",Toronto,ON,Canada,43.645076,-79.383414,1,intersection,,"University Ave",,,Toronto,ON,,M5H,CA,"CanVec+ by Natural Resources Canada"
"King St W / Brant St",Toronto,ON,Canada,43.644942,-79.397631,0.9,intersection,,"King St W",,,Toronto,ON,,M5V,CA,"CanVec+ by Natural Resources Canada"
"457 King St. W. at Spadina",Toronto,ON,Canada,43.645446,-79.39515,0.8,intersection,,"Spadina Ave",,,Toronto,ON,,M5V,CA,"CanVec+ by Natural Resources Canada"
"King St W / Charlotte St",Toronto,ON,Canada,43.64576,-79.393629,0.95,intersection,,"King St W",,,Toronto,ON,,M5V,CA,"CanVec+ by Natural Resources Canada"
"Davenport Rd / Lansdowne Ave.",Toronto,ON,Canada,43.671555,-79.448289,1,intersection,,"Davenport Rd",,,Toronto,ON,,M6H,CA,"CanVec+ by Natural Resources Canada"
"Davenport Rd / Oakwood Rd - SMART",Toronto,ON,Canada,43.6744,-79.433777,0.96,intersection,,"Davenport Rd",,,Toronto,ON,,M6H,CA,"CanVec+ by Natural Resources Canada"
"Roxborough St W / Yonge St",Toronto,ON,Canada,43.678204,-79.390034,1,intersection,,"Yonge St",,,Toronto,ON,,M4W,CA,"CanVec+ by Natural Resources Canada"
"Crawford St / Queen St W",Toronto,ON,Canada,0,0,0,,,,,,,,,,,
"Lee Ave / Queen St E",Toronto,ON,Canada,0,0,0,,,,,,,,,,,
"Coxwell Ave / Plains Rd",Toronto,ON,Canada,43.695935,-79.328766,1,intersection,,"Coxwell Ave",,,Toronto,ON,,M4J,CA,"CanVec+ by Natural Resources Canada"
"200 Bloor St. E.",Toronto,ON,Canada,43.672461,-79.382319,1,rooftop,200,"Bloor St E",,,Toronto,ON,,M4W,CA,"City of Toronto"
"King St E / Victoria St",Toronto,ON,Canada,43.649375,-79.376756,1,intersection,,"King St E",,,Toronto,ON,,M5C,CA,"CanVec+ by Natural Resources Canada"
"Simcoe St / Wellington St North",Toronto,ON,Canada,43.646051,-79.385549,0.8,intersection,,"Simcoe St",,,Toronto,ON,,M5H,CA,"CanVec+ by Natural Resources Canada"
"123 Queen St W",Toronto,ON,Canada,0,0,0,,,,,,,,,,,
"Queen St E / Alton Av",Toronto,ON,Canada,0,0,0,,,,,,,,,,,
"Gerrard Square Mall (1010 Gerrard St E)",Toronto,ON,Canada,43.6784,-79.2941,0.23,place,,,,,Toronto,ON,,M4E,CA,"CanVec+ by Natural Resources Canada"
"Logan Ave / Bain Ave",Toronto,ON,Canada,43.671956,-79.347195,1,intersection,,"Bain Ave",,,Toronto,ON,,M4K,CA,"CanVec+ by Natural Resources Canada"
"Carlaw Ave / Strathcona Ave",Toronto,ON,Canada,43.6803,-79.3538,0.23,place,,,,,Toronto,ON,,M4K,CA,"CanVec+ by Natural Resources Canada"
"Blake St / Boultbee Ave",Toronto,ON,Canada,43.672446,-79.338176,1,intersection,,"Blake St",,,Toronto,ON,,M4J,CA,"CanVec+ by Natural Resources Canada"
"Eastern Ave / Winnifred Ave",Toronto,ON,Canada,43.659217,-79.335139,0.96,intersection,,"Eastern Ave",,,Toronto,ON,,M4M,CA,"CanVec+ by Natural Resources Canada"
"Morse St / Eastern Ave",Toronto,ON,Canada,43.65812,-79.340172,1,intersection,,"Morse St",,,Toronto,ON,,M4M,CA,"CanVec+ by Natural Resources Canada"
"Alton Ave / Dundas St E (Greenwood Park)",Toronto,ON,Canada,43.667276,-79.329369,1,intersection,,"Dundas St E",,,Toronto,ON,,M4L,CA,"CanVec+ by Natural Resources Canada"
"Cherry Beach",Toronto,ON,Canada,43.6561,-79.3406,0.23,place,,,,,Toronto,ON,,M4M,CA,"CanVec+ by Natural Resources Canada"
"Cherry Beach Sports Field (55 Unwin Ave)",Toronto,ON,Canada,43.6561,-79.3406,0.23,place,,,,,Toronto,ON,,M4M,CA,"CanVec+ by Natural Resources Canada"
"Logan Av / Gerrard St E",Toronto,ON,Canada,43.667092,-79.345183,1,intersection,,"Gerrard St E",,,Toronto,ON,,M4K,CA,"CanVec+ by Natural Resources Canada"
"Regal Rd / Dufferin St",Toronto,ON,Canada,43.673453,-79.44118,0.9,intersection,,"Dufferin St",,,Toronto,ON,,M6H,CA,"CanVec+ by Natural Resources Canada"
"Pape Ave / Gamble Ave",Toronto,ON,Canada,43.690397,-79.349158,1,intersection,,"Pape Ave",,,Toronto,ON,,M4J,CA,"CanVec+ by Natural Resources Canada"
"Gamble Ave / Broadview Ave",Toronto,ON,Canada,43.689311,-79.35497,1,intersection,,"Broadview Ave",,,Toronto,ON,,M4K,CA,"CanVec+ by Natural Resources Canada"
"Broadview Ave / Westwood Ave",Toronto,ON,Canada,43.685201,-79.356559,1,intersection,,"Broadview Ave",,,Toronto,ON,,M4K,CA,"CanVec+ by Natural Resources Canada"
"Pretoria Av / Broadview Av",Toronto,ON,Canada,43.678404,-79.358423,1,intersection,,"Broadview Ave",,,Toronto,ON,,M4K,CA,"CanVec+ by Natural Resources Canada"
"Cosburn Ave / Donlands Ave",Toronto,ON,Canada,43.691162,-79.341679,1,intersection,,"Donlands Ave",,,Toronto,ON,,M4J,CA,"CanVec+ by Natural Resources Canada"
"Fulton Ave / Pape Ave",Toronto,ON,Canada,43.684024,-79.346777,1,intersection,,"Pape Ave",,,Toronto,ON,,M4K,CA,"CanVec+ by Natural Resources Canada"
"Tommy Thompson Park (Leslie Street Spit)",Toronto,ON,Canada,43.653963,-79.387207,0.8,place,,,,,Toronto,ON,,M5G,CA,"CanVec+ by Natural Resources Canada"
"Beltline Trail / Chaplin Cres.",Toronto,ON,Canada,43.653963,-79.387207,0.8,place,,,,,Toronto,ON,,M5G,CA,"CanVec+ by Natural Resources Canada"
"King St E / Ontario St.",Toronto,ON,Canada,43.651762,-79.366077,1,intersection,,"Ontario St",,,Toronto,ON,,M5A,CA,"CanVec+ by Natural Resources Canada"
"Lakeshore Blvd E /Leslie St",Toronto,ON,Canada,43.623,-79.3936,0.23,place,,,,,Toronto,ON,,M5J,CA,"CanVec+ by Natural Resources Canada"
"Gailbraith Rd / King s College Cr. (U of T)",Toronto,ON,Canada,43.660128,-79.396817,0.6,street_center,,"Galbraith Rd",,,Toronto,ON,,M5S,CA,"CanVec+ by Natural Resources Canada"
"Rosedale Park (20 Schofield Ave)",Toronto,ON,Canada,43.6827,-79.373,0.23,place,,,,,Toronto,ON,,M4W,CA,"CanVec+ by Natural Resources Canada"
"Concord Av / Dewson St",Toronto,ON,Canada,43.656702,-79.424918,1,intersection,,"Concord Ave",,,Toronto,ON,,M6H,CA,"CanVec+ by Natural Resources Canada"
"Hocken Ave./Vaughan Rd.",Toronto,ON,Canada,43.681695,-79.418901,0.96,intersection,,"Hocken Ave",,,Toronto,ON,,M6G,CA,"CanVec+ by Natural Resources Canada"
"St Clair Ave W / Bathurst St.",Toronto,ON,Canada,43.683221,-79.41831,1,intersection,,"Bathurst St",,,York,ON,,M6C,CA,"CanVec+ by Natural Resources Canada"
"Wells Hill Ave / St Clair Ave W",Toronto,ON,Canada,43.683694,-79.415896,1,intersection,,"St Clair Ave W",,,Toronto,ON,,M5R,CA,"CanVec+ by Natural Resources Canada"
"Queen St E / Nursewood Rd (Neville Park Loop)",Toronto,ON,Canada,0,0,0,,,,,,,,,,,
"Kew Beach Ave / Kenilworth Ave",Toronto,ON,Canada,43.666636,-79.300642,1,intersection,,"Kenilworth Ave",,,Toronto,ON,,M4L,CA,"CanVec+ by Natural Resources Canada"
"Fort York Blvd / Bathurst St SMART",Toronto,ON,Canada,43.6404,-79.3995,0.23,place,,,,,Toronto,ON,,M5V,CA,"CanVec+ by Natural Resources Canada"
"Alma Ave / Gladstone Ave SMART",Toronto,ON,Canada,43.644915,-79.428037,1,intersection,,"Gladstone Ave",,,Toronto,ON,,M6J,CA,"CanVec+ by Natural Resources Canada"
"Lisgar St / Dundas St SMART",Toronto,ON,Canada,43.649499,-79.426767,0.8,intersection,,"Dundas St W",,,Toronto,ON,,M6J,CA,"CanVec+ by Natural Resources Canada"
"Dupont St / Emerson Ave SMART",Toronto,ON,Canada,43.667206,-79.444173,1,intersection,,"Dupont St",,,Toronto,ON,,M6H,CA,"CanVec+ by Natural Resources Canada"
"Eglinton Ave W / Henning Ave SMART",Toronto,ON,Canada,43.7143,-79.4065,0.23,place,,,,,Toronto,ON,,M4R,CA,"CanVec+ by Natural Resources Canada"
"King St W / Portland St",Toronto,ON,Canada,43.644446,-79.400087,1,intersection,,"King St W",,,Toronto,ON,,M5V,CA,"CanVec+ by Natural Resources Canada"
"George St / King St E",Toronto,ON,Canada,43.650729,-79.37068,1,intersection,,"George St",,,Toronto,ON,,M5A,CA,"CanVec+ by Natural Resources Canada"
"Frederick St / The Esplanade",Toronto,ON,Canada,43.648762,-79.368477,1,intersection,,"The Esplanade",,,Toronto,ON,,M5A,CA,"CanVec+ by Natural Resources Canada"
"Front St E / Scott St",Toronto,ON,Canada,43.647452,-79.375754,1,intersection,,"Front St E",,,Toronto,ON,,M5C,CA,"CanVec+ by Natural Resources Canada"
"Frobisher Ave / Lascelles Blvd",Toronto,ON,Canada,43.696534,-79.400142,0.6,street_center,,"Frobisher Ave",,,Toronto,ON,,M5P,CA,"CanVec+ by Natural Resources Canada"
"Balliol St / Yonge St  SMART",Toronto,ON,Canada,43.697364,-79.396459,0.94,intersection,,"Yonge St",,,Toronto,ON,,M4S,CA,"CanVec+ by Natural Resources Canada"
"Yonge St / Davisville Ave",Toronto,ON,Canada,43.7301,-79.3935,0.23,place,,,,,Toronto,ON,,M4N,CA,"CanVec+ by Natural Resources Canada"
"Lawton Blvd / Yonge St",Toronto,ON,Canada,43.691251,-79.395157,0.97,intersection,,"Yonge St",,,Toronto,ON,,M4T,CA,"CanVec+ by Natural Resources Canada"
"Erskine Ave / Yonge St SMART",Toronto,ON,Canada,43.7135,-79.3887,0.23,place,,,,,Toronto,ON,,M4P,CA,"CanVec+ by Natural Resources Canada"
"Roehampton Ave / Yonge St",Toronto,ON,Canada,43.7135,-79.3887,0.23,place,,,,,Toronto,ON,,M4P,CA,"CanVec+ by Natural Resources Canada"
"Simcoe St / Adelaide St W",Toronto,ON,Canada,43.648632,-79.386609,1,intersection,,"Adelaide St W",,,Toronto,ON,,M5H,CA,"CanVec+ by Natural Resources Canada"
"12 Harbour St",Toronto,ON,Canada,43.642793,-79.37618,1,rooftop,12,"Harbour St",,,Toronto,ON,,M5J,CA,"City of Toronto"
"Cumberland Ave / Bay St SMART",Toronto,ON,Canada,43.670557,-79.389829,1,intersection,,"Bay St",,,Toronto,ON,,M5R,CA,"CanVec+ by Natural Resources Canada"
"20 Charles St E",Toronto,ON,Canada,43.669076,-79.385134,1,rooftop,20,"Charles St E",,,Toronto,ON,,M4Y,CA,"City of Toronto"
"D'Arcy St. /McCaul St. SMART",Toronto,ON,Canada,43.6541,-79.3978,0.23,place,,,,,Toronto,ON,,M5T,CA,"CanVec+ by Natural Resources Canada"
"Mortimer Ave / Carlaw Ave SMART",Toronto,ON,Canada,43.685293,-79.349869,1,intersection,,"Carlaw Ave",,,Toronto,ON,,M4K,CA,"CanVec+ by Natural Resources Canada"
"Broadview Ave / Danforth Ave",Toronto,ON,Canada,43.676194,-79.358864,1,intersection,,"Danforth Ave",,,Toronto,ON,,M4K,CA,"CanVec+ by Natural Resources Canada"
"College Park- Gerrard Entrance",Toronto,ON,Canada,43.652563,-79.406819,0.6,street_center,,"College Pl",,,Toronto,ON,,M6J,CA,"CanVec+ by Natural Resources Canada"
"Yonge St / Dundas Sq",Toronto,ON,Canada,43.655769,-79.380663,0.95,intersection,,"Yonge St",,,Toronto,ON,,M5B,CA,"CanVec+ by Natural Resources Canada"
